{
  "amrfinder_hit_counts": {
    "573.12972": 16,
    "573.13082": 17,
    "573.13107": 15,
    "573.13217": 17,
    "573.13227": 20,
    "573.13370": 8,
    "573.13406": 17,
    "573.13472": 16,
    "573.13637": 9,
    "573.13746": 28,
    "573.13904": 17,
    "573.14032": 20,
    "573.14095": 18,
    "573.14245": 19,
    "573.14432": 22,
    "573.14461": 18,
    "573.14522": 12,
    "573.14537": 9,
    "573.15042": 20,
    "573.15520": 4,
    "573.15567": 5,
    "573.15595": 16,
    "573.15602": 19,
    "573.15610": 16,
    "573.15626": 13,
    "573.18476": 17,
    "573.18477": 18,
    "573.20061": 5,
    "573.24243": 32,
    "573.24245": 18,
    "573.24247": 36,
    "573.24256": 15,
    "573.24267": 13,
    "573.24314": 13,
    "573.24315": 14,
    "573.24323": 29,
    "573.24326": 24,
    "573.24349": 15,
    "573.24368": 10,
    "573.24369": 8,
    "573.24376": 5,
    "573.24377": 17,
    "573.24378": 20,
    "573.24380": 17,
    "573.24381": 7,
    "573.24386": 8,
    "573.24391": 21,
    "573.24407": 16,
    "573.24411": 25,
    "573.24413": 23,
    "573.24430": 24,
    "573.24433": 12,
    "573.24442": 17,
    "573.26278": 22,
    "573.46864": 29,
    "573.46870": 29,
    "573.5644": 31,
    "573.5722": 20,
    "573.5765": 17,
    "573.7362": 30
  },
  "antibiotic_counts": {
    "amikacin": 59,
    "amoxicillin": 2,
    "amoxicillin/clavulanic acid": 37,
    "ampicillin": 58,
    "aztreonam": 52,
    "cefazolin": 55,
    "cefepime": 55,
    "cefotaxime": 30,
    "cefotaxime/clavulanic acid": 4,
    "cefotetan": 3,
    "cefoxitin": 54,
    "ceftaroline": 4,
    "ceftazidime": 56,
    "ceftriaxone": 57,
    "cefuroxime": 21,
    "cephalothin": 1,
    "ciprofloxacin": 60,
    "colistin": 9,
    "doripenem": 24,
    "ertapenem": 34,
    "fosfomycin": 6,
    "gentamicin": 58,
    "imipenem": 50,
    "levofloxacin": 50,
    "meropenem": 60,
    "moxifloxacin": 3,
    "nitrofurantoin": 23,
    "norfloxacin": 5,
    "piperacillin": 3,
    "piperacillin/tazobactam": 56,
    "polymyxin b": 2,
    "sulfamethoxazole": 1,
    "tetracycline": 48,
    "ticarcillin/clavulanic acid": 6,
    "tigecycline": 33,
    "tobramycin": 57,
    "trimethoprim": 7,
    "trimethoprim/sulfamethoxazole": 58
  },
  "ast_record_count": 1410,
  "dbreconcile_task_count": 987,
  "disagreement_type_counts": {
    "drug_mapping_difference": 577,
    "gene_family_vs_allele": 181,
    "point_mutation_vs_gene_presence": 150,
    "threshold_difference": 79
  },
  "genopheno_task_count": 1201,
  "isolate_count": 60,
  "mechanism_class_counts": {
    "efflux": 47,
    "enzymatic_inactivation": 670,
    "insufficient_evidence": 24,
    "intrinsic": 3,
    "metabolic_bypass": 51,
    "permeability_loss": 35,
    "regulator_loss_of_function": 2,
    "target_modification": 92
  },
  "mechreason_drug_counts": {
    "amikacin": 20,
    "amoxicillin": 2,
    "amoxicillin/clavulanic acid": 33,
    "ampicillin": 58,
    "aztreonam": 50,
    "cefazolin": 53,
    "cefepime": 44,
    "cefotaxime": 29,
    "cefotaxime/clavulanic acid": 4,
    "cefotetan": 3,
    "cefoxitin": 42,
    "ceftaroline": 4,
    "ceftazidime": 51,
    "ceftriaxone": 54,
    "cefuroxime": 21,
    "cephalothin": 1,
    "ciprofloxacin": 53,
    "colistin": 1,
    "doripenem": 17,
    "ertapenem": 30,
    "fosfomycin": 3,
    "gentamicin": 27,
    "imipenem": 27,
    "levofloxacin": 44,
    "meropenem": 34,
    "moxifloxacin": 3,
    "nitrofurantoin": 21,
    "norfloxacin": 2,
    "piperacillin": 3,
    "piperacillin/tazobactam": 48,
    "polymyxin b": 1,
    "sulfamethoxazole": 1,
    "tetracycline": 31,
    "ticarcillin/clavulanic acid": 4,
    "tigecycline": 8,
    "tobramycin": 46,
    "trimethoprim": 5,
    "trimethoprim/sulfamethoxazole": 46
  },
  "mechreason_task_count": 924,
  "phenotype_counts": {
    "Intermediate": 64,
    "Resistant": 860,
    "Susceptible": 277
  },
  "resfinder_hit_counts": {
    "573.12972": 23,
    "573.13082": 11,
    "573.13107": 11,
    "573.13217": 15,
    "573.13227": 15,
    "573.13370": 11,
    "573.13406": 16,
    "573.13472": 18,
    "573.13637": 8,
    "573.13746": 31,
    "573.13904": 12,
    "573.14032": 13,
    "573.14095": 18,
    "573.14245": 17,
    "573.14432": 20,
    "573.14461": 21,
    "573.14522": 8,
    "573.14537": 6,
    "573.15042": 20,
    "573.15520": 8,
    "573.15567": 4,
    "573.15595": 17,
    "573.15602": 17,
    "573.15610": 17,
    "573.15626": 12,
    "573.18476": 17,
    "573.18477": 18,
    "573.20061": 7,
    "573.24243": 33,
    "573.24245": 20,
    "573.24247": 41,
    "573.24256": 12,
    "573.24267": 12,
    "573.24314": 11,
    "573.24315": 9,
    "573.24323": 50,
    "573.24326": 23,
    "573.24349": 22,
    "573.24368": 8,
    "573.24369": 6,
    "573.24376": 5,
    "573.24377": 16,
    "573.24378": 17,
    "573.24380": 17,
    "573.24381": 4,
    "573.24386": 21,
    "573.24391": 19,
    "573.24407": 10,
    "573.24411": 24,
    "573.24413": 22,
    "573.24430": 24,
    "573.24433": 9,
    "573.24442": 16,
    "573.26278": 23,
    "573.46864": 24,
    "573.46870": 24,
    "573.5644": 32,
    "573.5722": 19,
    "573.5765": 18,
    "573.7362": 34
  },
  "species": [
    "Klebsiella pneumoniae"
  ]
}
